{"TI12": {"event number": "828782", "run number": "001345", "Hits": {"Plane0Layer0": [[]], "Plane0Layer1": [[]], "Plane0Layer2": [[]], "Plane1Layer0": [[[-171.4949999999999, 57.39999999999999, 35.99999999999993], [-179.43499999999995, -52.62000000000001, 41.0], [-179.43499999999995, -52.720000000000006, 45.999999999999716]]], "Plane1Layer1": [[[-202.9949999999999, 53.15999999999999, 33.99999999999997], [-210.93499999999995, -41.74000000000001, 24.999999999999986], [-210.93499999999995, -10.84000000000001, 69.99999999999991], [-210.93499999999995, -10.980000000000011, 76.99999999999994], [-210.93499999999995, -11.88000000000001, 121.99999999999987]]], "Plane1Layer2": [[[-234.4949999999999, 48.959999999999994, 32.000000000000014]]], "Plane2Layer0": [[[-1365.4650000000001, -101.12000000000002, -49.99999999999963]]], "Plane2Layer1": [[[-1396.9650000000001, -105.32000000000001, -54.000000000000256]]], "Plane2Layer2": [[[-1428.4650000000001, -109.58000000000001, -55.00000000000006]]]}, "CaloClusters": {}, "LargeScintHits": {"Scint4": [{"x": -1470.0, "y": 40.0, "z": 0.0, "energy": 1100}], "Scint5": [{"x": -1555.0, "y": 40.0, "z": 0.0, "energy": 1100}]}, "TimingScintHits": {}}, "Event with Jets": {"Jets": {"AntiKt4EMTopoJets": [{"coneR": 0.4, "phi": 1.56555, "eta": -0.121234, "energy": 5943.56}]}}}
