{
    "Event with Hits and Calorimeter Clusters": {
	"event number": 234,
	"run number": 234,
	"Hits": {
	    "Some Hits": [
		[
		    [
			-27.2185,
			0.289842,
			-122.833
		    ],
		    [
			-30.7537,
			0.372969,
			-137.317
		    ],
		    [
			-33.732,
			0.437544,
			-149.519
		    ],
		    [
			-34.2691,
			0.448658,
			-151.72
		    ],
		    [
			-46.6904,
			0.660451,
			-202.606
		    ]
		]
	    ]
	},
	"CaloClusters": {
	    "CaloCalTopoClusters": [
		{
		    "phi": 0.637594,
		    "eta": 1.15585,
		    "energy": 5460.79
		},
		{
		    "phi": 1.56964,
		    "eta": -0.17593,
		    "energy": 4012.51
		},
		{
		    "phi": -2.79971,
		    "eta": -0.141745,
		    "energy": 3709.17
		},
	    ]
	},
	"Tracks": {
	    "CombinedMuonTrackParticles": [
		{
		    "chi2": 34.0819,
		    "dof": 60,
		    "dparams": [
			0.455548,
			-5.65437,
			-2.52317,
			0.280894,
			-2.3769e-05
		    ],
		    "color": "0x0000ff",
		    "pos": [
			[
			    -21.8387,
			    -16.2481,
			    68.9534
			],
			[
			    -24.7173,
			    -18.3026,
			    81.2109
			],
			[
			    -26.5225,
			    -19.5913,
			    88.8983
			],
			[
			    -27.5792,
			    -20.3459,
			    93.3988
			],
			[
			    -37.6877,
			    -27.5694,
			    136.46
			],
			[
			    -41.196,
			    -30.0787,
			    151.41
			],
			[
			    -42.7173,
			    -31.1672,
			    157.893
			],
			[
			    -68.4039,
			    -49.5789,
			    267.429
			],
			[
			    -71.7452,
			    -51.9784,
			    281.686
			],
			[
			    -71.8582,
			    -52.0596,
			    282.168
			],
			[
			    -96.0152,
			    -69.4403,
			    385.313
			],
			[
			    -98.131,
			    -70.9652,
			    394.352
			],
			[
			    -99.4388,
			    -71.908,
			    399.94
			],
			[
			    -121.01,
			    -87.4824,
			    492.153
			],
			[
			    -121.044,
			    -87.5069,
			    492.298
			],
			[
			    -121.552,
			    -87.874,
			    494.47
			],
			[
			    -140.861,
			    -101.853,
			    577.09
			],
			[
			    -141.406,
			    -102.249,
			    579.424
			],
			[
			    -157.186,
			    -113.7,
			    647
			],
			[
			    -157.746,
			    -114.106,
			    649.395
			],
			[
			    -202.08,
			    -146.406,
			    839.505
			],
			[
			    -206.411,
			    -149.572,
			    858.101
			],
			[
			    -220.65,
			    -159.99,
			    919.248
			],
			[
			    -225.072,
			    -163.23,
			    938.247
			],
			[
			    -257.131,
			    -186.766,
			    1076.09
			],
			[
			    -257.496,
			    -187.035,
			    1077.66
			],
			[
			    -257.72,
			    -187.2,
			    1078.62
			],
			[
			    -261.603,
			    -190.057,
			    1095.33
			],
			[
			    -305.645,
			    -222.557,
			    1285.03
			],
			[
			    -310.014,
			    -225.789,
			    1303.87
			],
			[
			    -312.729,
			    -227.799,
			    1315.57
			],
			[
			    -312.952,
			    -227.965,
			    1316.54
			],
			[
			    -328.774,
			    -239.69,
			    1384.79
			],
			[
			    -333.087,
			    -242.89,
			    1403.4
			],
			[
			    -335.823,
			    -244.92,
			    1415.21
			],
			[
			    -336.046,
			    -245.086,
			    1416.17
			],
			[
			    -414.805,
			    -303.787,
			    1756.61
			],
			[
			    -416.314,
			    -304.916,
			    1763.14
			],
			[
			    -416.536,
			    -305.083,
			    1764.11
			],
			[
			    -419.232,
			    -307.1,
			    1775.77
			],
			[
			    -494.183,
			    -363.359,
			    2100.58
			],
			[
			    -498.627,
			    -366.703,
			    2119.85
			],
			[
			    -519.261,
			    -382.242,
			    2209.37
			],
			[
			    -547.629,
			    -403.626,
			    2332.5
			],
			[
			    -575.989,
			    -425.02,
			    2455.62
			],
			[
			    -604.348,
			    -446.416,
			    2578.75
			],
			[
			    -701.422,
			    -519.546,
			    3000
			],
			[
			    -805.273,
			    -597.46,
			    3450
			],
			[
			    -6546.14,
			    -4908.37,
			    26050
			]
		    ]
		}
	    ]
	}
    }
}
