{
  "Event with Jets, Hits, Calorimeter Clusters, Tracks and Muons": {
    "event number": 234,
    "run number": 234,
    "Hits": {
       "Origin": [
        [
          [
            0.0,
            0.0,
            0.0
          ]
	]
       ],
	
       "PreshowerTrigger1": [
        [
          [
            -1463.0,
            0.0,
            0.0
          ],
          [
            -1463.0,
            3.0,
            0.0
          ],
          [
            -1463.0,
            0.0,
            3.0
          ],
          [
            -1463.0,
            -3.0,
            0.0
          ],
          [
            -1463.0,
            0.0,
            -3.0
          ],
          [
            -1463.0,
            3.0,
            3.0
          ],
          [
            -1463.0,
            -3.0,
            3.0
          ],
          [
            -1463.0,
            -3.0,
            3.0
          ],
          [
            -1463.0,
            -3.0,
            -3.0
          ]
        ]
      ]
    },
    "CaloClusters": {
      "CaloBottomLeft": [
        {
          "x": -1950.0,
          "y": -25.0,
          "z": 45.0
        }
      ]
    }
  },
  "Event with Jets": {
    "Jets": {
      "AntiKt4EMTopoJets": [
        {
          "coneR": 0.4,
          "phi": 1.56555,
          "eta": -0.121234,
          "energy": 5943.56
        }
      ]
    }
  }
}
