{"TI12": {"event number": "828782", "run number": "001345", "Hits": {"Plane0Layer0": [[]], "Plane0Layer1": [[]], "Plane0Layer2": [[]], "Plane1Layer0": [[[-58.49499999999989, 97.39999999999999, 35.99999999999993], [-66.43499999999995, -12.620000000000012, 41.0], [-66.43499999999995, -12.720000000000006, 45.999999999999716]]], "Plane1Layer1": [[[-89.99499999999989, 93.16, 33.99999999999997], [-97.93499999999995, -1.740000000000009, 24.999999999999986], [-97.93499999999995, 29.15999999999999, 69.99999999999991], [-97.93499999999995, 29.01999999999999, 76.99999999999994], [-97.93499999999995, 28.11999999999999, 121.99999999999987]]], "Plane1Layer2": [[[-121.49499999999989, 88.96, 32.000000000000014]]], "Plane2Layer0": [[[-1252.4650000000001, -61.12000000000002, -49.99999999999963]]], "Plane2Layer1": [[[-1283.9650000000001, -65.32000000000001, -54.000000000000256]]], "Plane2Layer2": [[[-1315.4650000000001, -69.58000000000001, -55.00000000000006]]]}, "Tracks": {"Track": [{"color": "0x0000ff", "pos": [[-3142.4649999998437, -314.9199999999788, -200], [-1315.4650000000001, -69.58000000000001, -55.00000000000006], [-1252.4650000000001, -61.12000000000002, -49.99999999999963], [1897.5349999997266, 353.7604142856773, 200]]}]}, "CaloClusters": {}, "LargeScintHits": {"Scint4": [{"x": -1470.0, "y": 40.0, "z": 0.0, "energy": 1100}], "Scint5": [{"x": -1555.0, "y": 40.0, "z": 0.0, "energy": 1100}]}, "TimingScintHits": {}}, "Event with Jets": {"Jets": {"AntiKt4EMTopoJets": [{"coneR": 0.4, "phi": 1.56555, "eta": -0.121234, "energy": 5943.56}]}}}
